{
    "N": 20,
    "y": [
        10.9624595324253,
        2.76649096833247,
        8.38409732976183,
        18.1114805826247,
        6.55487938201821,
        20.2106111130747,
        14.7188955595147,
        20.4096343939955,
        19.5855863939165,
        7.92593880203536,
        15.1642674971707,
        1.60715203902367,
        10.7877484517272,
        17.4456805822279,
        9.6210521872544,
        16.3589047207947,
        13.2083670383609,
        14.0038062746858,
        19.3132961283141,
        7.27321986615562
    ]
}